casilla_id,distrito_fed_17,distrito_fed_12,distrito_loc_17,distrito_loc_12,are,seccion,casilla,tipo_seccion,pri_pvem,pan_na,prd,pt,mc,otros,total,ln,tamano_md,tamano_gd,region,casilla_ex,rural,ln_total
3726,9,4,11,12,4-98,1118,B-C,M,119,209,16,6,0,9,359,625,1,0,1,0,0,625
5178,2,2,17,17,2-54,613,B-C,U,132,209,15,4,12,10,382,629,1,0,2,0,0,629
3689,15,9,12,12,9-79,1072,B-C,U,169,150,9,3,2,12,345,575,1,0,1,0,0,575
1647,6,6,6,6,6-65,1540,B-C,U,101,130,8,2,3,8,252,422,0,0,1,0,0,422
1494,5,5,6,5,5-42,1826,B-C,U,205,258,14,3,3,52,535,648,1,0,1,0,0,648
2723,2,2,9,9,2-21,242,B-C,R,111,161,6,5,1,21,305,526,0,0,2,0,1,526
3802,15,9,12,12,9-81,1177,B-C,U,164,156,8,0,1,0,329,576,1,0,1,0,0,576
1988,6,3,21,7,3-65,1453,B-C,U,200,224,18,4,2,9,457,699,1,0,1,0,0,699
1843,11,6,6,6,6-13,1663,B-C,R,99,269,1,1,0,16,386,585,1,0,1,0,1,585
5661,13,11,18,19,11-53,927,B-C,R,97,165,41,42,0,22,367,622,1,0,1,0,1,622
3742,9,4,11,12,4-102,1128,B-C,M,88,153,6,10,1,9,267,482,0,0,1,0,0,482
3136,9,7,13,10,7-68,2684,B-C,U,188,183,11,7,6,17,412,709,1,0,1,0,0,709
6256,10,13,19,21,13-34,694,B-C,R,142,186,12,6,4,8,358,526,1,0,2,0,1,526
2855,7,7,10,10,7-5,2042,B-C,U,111,293,6,4,2,9,425,688,0,1,1,0,0,688
6401,10,10,20,21,10-35,2319,B-C,U,101,144,23,6,2,18,294,617,1,0,2,0,0,617
110,4,1,1,1,1-63,2348,B-C,U,166,208,13,29,2,13,431,676,1,0,1,0,0,676
6424,10,10,20,21,10-38,2330,B-C,U,147,154,12,6,1,13,333,585,1,0,2,0,0,585
5158,14,14,9,17,14-72,327,B-C,M,159,171,19,4,2,11,366,720,1,0,2,0,0,720
2514,9,7,13,8,7-96,2721,E,R,117,179,9,3,2,12,322,523,1,0,1,1,1,523
4736,12,12,16,16,12-26,353,B-C,U,189,126,13,2,3,9,342,656,1,0,2,0,0,656
744,3,5,7,3,5-25,1707,B-C,U,175,217,15,1,4,12,424,601,0,0,1,0,0,601
5913,10,10,20,20,10-1,1859,B-C,U,225,411,37,0,5,11,689,560,1,0,2,0,0,560
2349,4,4,8,8,4-77,896,B-C,M,192,149,30,5,0,11,387,660,1,0,1,0,0,660
2220,4,4,8,8,4-44,836,B-C,U,169,80,35,6,3,6,299,546,1,0,1,0,0,546
690,3,5,3,3,5-8,1683,B-C,U,122,168,7,2,2,9,310,449,0,0,1,0,0,449
4432,12,12,15,15,12-49,386,B-C,U,146,174,20,0,5,12,357,479,0,0,2,0,0,479
5565,7,11,18,18,11-31,1987,B-C,R,192,96,6,1,1,14,310,516,1,0,1,0,1,516
3992,8,8,14,13,8-94,2187,B-C,U,151,176,20,7,3,15,372,617,1,0,2,0,0,617
5931,10,10,20,20,10-3,1868,B-C,U,98,166,25,3,9,8,309,462,0,0,2,0,0,462
1055,3,3,7,4,3-25,1318,B-C,U,144,120,9,4,0,11,288,410,0,0,1,0,0,410
39,1,4,1,1,4-14,783,B-C,R,102,206,19,14,3,25,369,652,0,0,1,0,1,652
4583,12,12,15,15,12-56,531,B-C,R,163,221,29,7,2,15,437,745,1,0,2,0,1,745
3707,15,9,12,12,9-80,1109,B-C,U,88,150,7,0,6,11,262,415,0,0,1,0,0,415
4925,2,12,16,16,12-74,521,B-C,U,125,127,20,6,1,9,288,529,1,0,2,0,0,529
5256,2,2,17,17,2-61,650,B-C,U,79,236,27,5,1,9,357,588,1,0,2,0,0,588
6658,14,14,22,22,14-81,1210,B-C,R,120,120,60,4,4,23,331,653,1,0,2,0,1,653
3167,9,7,13,10,7-92,2715,B-C,M,149,164,7,0,4,8,332,521,1,0,1,0,0,521
2437,9,7,13,8,7-65,2666,B-C,U,150,139,8,0,0,10,307,514,1,0,1,0,0,514
1585,5,5,5,5,5-73,3015,B-C,U,144,171,12,2,1,5,335,540,1,0,1,0,0,540
2014,11,6,21,7,6-44,1565,B-C,U,129,204,19,1,8,7,368,478,0,0,1,0,0,478
3536,15,9,11,12,9-37,950,B-C,U,136,250,10,2,1,9,408,541,1,0,1,0,0,541
6483,14,14,22,22,14-8,67,B-C,U,99,169,35,3,5,5,316,579,1,0,2,0,0,579
1354,5,5,5,5,5-54,1490,B-C,M,180,171,7,3,2,5,368,700,0,1,1,0,0,700
1471,5,5,7,5,5-42,1811,B-C,U,124,128,1,2,0,5,260,406,0,0,1,0,0,406
2204,4,4,8,8,4-47,829,B-C,U,156,108,9,3,5,9,290,452,0,0,1,0,0,452
5193,2,2,17,17,2-50,619,B-C,U,94,264,10,5,7,11,391,685,1,0,2,0,0,685
2752,1,4,8,9,4-11,768,B-C,U,132,131,13,4,7,11,298,503,1,0,1,0,0,503
5978,10,10,20,20,10-13,1890,B-C,R,59,179,17,5,1,19,280,530,1,0,2,0,1,530
3965,8,8,14,13,8-70,2179,B-C,U,195,204,18,6,1,12,436,715,1,0,2,0,0,715
4572,12,12,16,15,12-59,527,B-C,M,149,175,13,5,1,6,349,583,1,0,2,0,0,583
4393,12,12,16,15,12-40,363,B-C,U,132,200,33,2,3,8,378,566,1,0,2,0,0,566
3273,15,9,11,11,9-44,1008,B-C,U,122,160,6,5,4,8,305,518,1,0,1,0,0,518
3075,7,7,10,10,7-47,2482,B-C,M,143,163,1,1,0,12,320,567,1,0,1,0,0,567
4254,8,8,14,14,8-49,2228,B-C,R,94,205,9,4,1,8,321,535,1,0,2,0,1,535
5151,14,14,9,17,14-69,324,B-C,M,117,142,18,9,2,12,300,588,1,0,2,0,0,588
1888,3,3,7,7,3-48,1374,B-C,U,118,181,7,3,3,12,324,482,0,0,1,0,0,482
2711,2,2,9,9,2-43,233,B-C,R,109,127,10,0,0,8,254,377,0,0,2,0,1,377
208,4,1,1,1,1-68,2399,B-C,U,106,187,11,1,0,12,317,575,1,0,1,0,0,575
4979,12,12,15,16,12-83,561,B-C,R,136,157,20,6,1,6,326,351,0,0,2,0,1,351
5960,10,10,20,20,10-9,1882,B-C,U,99,175,27,4,9,8,322,569,1,0,2,0,0,569
617,1,1,2,2,1-3,2948,B-C,R,100,156,1,0,0,5,262,336,0,0,2,0,1,336
2892,7,7,10,10,7-13,2055,B-C,R,96,193,1,0,0,6,296,486,0,0,1,0,1,486
3650,15,9,12,12,9-67,1043,B-C,U,148,160,9,2,2,17,338,563,0,0,1,0,0,563
4357,8,8,17,14,8-22,2643,B-C,R,101,266,14,1,2,3,387,576,1,0,2,0,1,576
3187,9,7,13,10,7-93,2725,B-C,R,131,148,6,5,0,12,302,564,1,0,1,0,1,564
1885,3,3,7,7,3-46,1373,B-C,U,116,136,5,2,0,0,259,398,0,0,1,0,0,398
4789,12,12,16,16,12-4,403,B-C,U,221,196,5,4,3,9,438,611,0,0,2,0,0,611
6267,10,13,19,21,13-36,698,B-C,M,107,216,15,7,1,18,364,676,1,0,2,0,0,676
3630,15,9,12,12,9-62,1017,B-C,U,103,135,14,0,0,0,252,386,0,0,1,0,0,386
4346,8,8,17,14,8-32,2639,B-C,U,95,250,29,5,1,4,384,592,1,0,2,0,0,592
5876,13,13,19,19,13-84,2877,B-C,R,73,157,78,4,4,7,323,530,1,0,2,0,1,530
4708,12,12,16,16,12-23,342,B-C,U,159,169,16,6,3,13,366,742,1,0,2,0,0,742
5897,13,13,19,19,13-96,2885,B-C,R,42,87,125,1,1,12,268,509,1,0,2,0,1,509
5705,13,13,19,19,13-51,1197,E,R,132,159,17,1,5,14,328,558,1,0,2,1,1,558
2591,2,2,9,9,2-12,167,B-C,U,112,129,24,6,8,25,304,437,0,0,2,0,0,437
2906,13,7,13,10,7-19,2062,B-C,U,175,150,47,4,2,13,391,593,1,0,1,0,0,593
6709,14,14,22,22,14-94,1248,B-C,R,117,160,59,2,13,27,378,581,0,0,2,0,1,581
1713,11,6,21,6,6-48,1588,B-C,U,165,161,9,5,6,7,353,540,1,0,1,0,0,540
537,1,1,2,2,1-56,2601,B-C,R,142,158,12,6,0,79,397,578,1,0,2,0,1,578
5106,14,14,9,17,14-62,303,B-C,R,122,121,17,2,0,8,270,485,0,0,2,0,1,485
5992,10,10,20,20,10-46,2649,B-C,R,142,194,5,1,0,7,349,468,0,0,2,0,1,468
2559,2,2,9,9,2-7,155,B-C,U,142,212,15,3,9,16,397,718,1,0,2,0,0,718
3594,15,9,12,12,9-60,983,B-C,U,113,158,4,0,1,7,283,432,0,0,1,0,0,432
6061,10,10,20,20,10-74,2810,B-C,R,142,103,3,0,0,8,256,410,1,0,2,0,1,410
3854,13,11,18,13,11-76,22,B-C,R,225,164,14,5,1,11,420,677,1,0,1,0,1,677
1373,5,5,5,5,5-49,1494,B-C,M,212,116,9,3,0,10,350,683,0,1,1,0,0,683
3085,7,7,10,10,7-50,2487,B-C,R,123,181,1,1,2,13,321,571,1,0,1,0,1,571
1553,5,6,6,5,6-80,1853,B-C,U,149,149,9,3,2,11,323,523,1,0,1,0,0,523
4126,8,8,14,14,8-65,2121,B-C,U,152,193,8,13,4,9,379,673,1,0,2,0,0,673
965,3,3,4,4,3-13,1285,B-C,U,215,236,12,2,5,6,476,737,0,1,1,0,0,737
4644,8,8,17,15,8-5,2922,B-C,R,86,322,20,6,2,11,447,697,1,0,2,0,1,697
3685,15,9,12,12,9-82,1070,B-C,U,184,119,7,4,0,6,320,556,1,0,1,0,0,556
6168,10,10,20,20,10-99,3000,B-C,M,118,203,14,2,0,17,354,743,1,0,2,0,0,743
3988,8,8,14,13,8-96,2185,B-C,U,168,192,24,13,7,17,421,741,1,0,2,0,0,741
5791,13,13,19,19,13-70,2847,B-C,U,49,181,93,4,1,17,345,592,1,0,2,0,0,592
3895,13,11,18,13,11-68,42,B-C,R,104,183,17,1,0,11,316,602,1,0,1,0,1,602
4439,12,12,15,15,12-2,407,B-C,U,130,159,13,5,2,15,324,503,1,0,2,0,0,503
5535,7,11,18,18,11-5,1973,B-C,R,67,148,12,21,1,34,283,585,1,0,1,0,1,585
5253,2,2,17,17,2-59,648,B-C,U,102,203,19,1,0,10,335,490,0,0,2,0,0,490
1881,3,3,7,7,3-45,1371,B-C,U,96,149,5,1,0,8,259,387,0,0,1,0,0,387
6160,10,10,20,20,10-91,2996,B-C,R,75,123,5,0,0,6,209,441,0,0,2,0,1,441
5910,13,13,19,19,13-97,2890,E,R,13,86,85,0,0,6,190,356,1,0,2,1,1,356
1957,6,3,7,7,3-56,1419,B-C,U,153,107,5,2,2,9,278,406,0,0,1,0,0,406
1645,6,6,6,6,6-61,1539,B-C,U,163,170,23,2,1,9,368,577,1,0,1,0,0,577
4389,12,12,16,15,12-36,362,B-C,U,149,247,22,4,3,0,425,620,1,0,2,0,0,620
3021,7,7,10,10,7-37,2466,S,U,95,130,17,2,1,10,255,0,1,0,1,0,0,255
6261,10,13,19,21,13-35,695,B-C,R,144,147,11,3,2,12,319,566,1,0,2,0,1,566
3942,8,8,14,13,8-74,2153,B-C,U,225,206,21,19,1,0,472,748,0,0,2,0,0,748
315,1,2,2,2,2-95,748,B-C,R,183,193,9,1,16,0,402,585,1,0,2,0,1,585
2322,4,4,8,8,4-69,880,B-C,R,92,166,14,3,0,0,275,480,0,0,1,0,1,480
5666,13,13,19,19,13-44,1178,B-C,M,167,213,14,2,4,14,414,554,1,0,2,0,0,554
5729,13,13,19,19,13-58,2822,B-C,U,64,182,40,1,2,11,300,436,0,0,2,0,0,436
5853,13,13,19,19,13-85,2870,E,R,40,127,80,6,1,21,275,443,1,0,2,1,1,443
2463,9,7,13,8,7-70,2683,B-C,M,140,142,16,11,2,8,319,649,1,0,1,0,0,649
6031,10,10,20,20,10-68,2800,B-C,U,190,211,15,4,0,18,438,748,1,0,2,0,0,748
4486,12,13,15,15,13-2,448,B-C,U,116,115,13,3,4,8,259,417,0,0,2,0,0,417
6734,14,14,22,22,14-101,2736,B-C,M,132,156,11,2,0,12,313,514,1,0,2,0,0,514
2102,11,6,21,7,6-26,1642,B-C,U,185,171,4,3,2,6,371,708,0,1,1,0,0,708
863,5,5,7,3,5-40,1763,B-C,U,105,150,6,1,4,9,275,439,0,0,1,0,0,439
6501,14,14,22,22,14-10,75,B-C,U,113,234,47,9,8,15,426,732,0,0,2,0,0,732
6482,14,14,22,22,14-8,66,B-C,U,95,110,22,2,4,10,243,389,0,0,2,0,0,389
3080,7,7,10,10,7-48,2485,B-C,M,105,198,1,0,3,15,322,584,1,0,1,0,0,584
4759,12,12,16,16,12-29,375,B-C,U,146,176,11,8,3,17,361,599,1,0,2,0,0,599
4169,8,8,14,14,8-74,2152,B-C,U,147,188,10,7,4,12,368,562,0,0,2,0,0,562
4038,8,8,14,13,8-60,2232,B-C,R,164,220,3,5,6,24,422,611,1,0,2,0,1,611
4618,8,8,17,15,8-13,2911,B-C,U,133,274,20,11,4,15,457,699,1,0,2,0,0,699
3550,9,4,11,12,4-90,965,B-C,U,182,260,21,3,7,13,486,744,1,0,1,0,0,744
460,1,1,2,2,1-51,2560,B-C,U,168,159,19,6,2,20,374,583,1,0,2,0,0,583
4828,12,12,15,16,12-9,453,B-C,U,156,137,12,4,3,7,319,504,1,0,2,0,0,504
5518,7,11,18,18,11-15,1966,B-C,R,95,107,6,5,0,5,218,498,0,0,1,0,1,498
5197,2,2,17,17,2-64,621,B-C,U,93,179,20,3,4,18,317,546,1,0,2,0,0,546
3974,8,8,14,13,8-95,2181,B-C,U,142,170,18,5,4,18,357,646,1,0,2,0,0,646
1518,5,5,6,5,5-41,1837,B-C,U,174,211,5,2,3,9,404,599,1,0,1,0,0,599
4371,12,12,16,15,12-41,347,B-C,NA,170,191,19,1,4,48,433,720,0,1,2,0,0,720
6230,10,13,19,21,13-30,684,B-C,U,150,200,26,4,5,11,396,630,1,0,2,0,0,630
2567,2,2,9,9,2-13,157,B-C,U,214,177,16,5,5,18,435,686,1,0,2,0,0,686
4624,8,8,17,15,8-10,2914,B-C,M,79,236,18,19,3,8,363,539,1,0,2,0,0,539
3766,9,4,11,12,4-100,1141,B-C,R,149,116,21,4,3,24,317,506,1,0,1,0,1,506
2201,4,4,8,8,4-43,828,B-C,U,180,102,35,9,3,15,344,599,1,0,1,0,0,599
1192,3,3,3,4,3-71,1472,B-C,R,19,54,2,0,1,3,79,299,0,0,1,0,1,299
1900,6,3,7,7,3-50,1384,B-C,U,176,266,28,5,0,19,494,729,0,0,1,0,0,729
3562,9,4,12,12,4-96,967,B-C,U,212,150,20,5,0,11,398,724,1,0,1,0,0,724
3875,13,11,18,13,11-60,32,B-C,R,109,251,3,0,0,10,373,546,1,0,1,0,1,546
2309,4,4,8,8,4-67,878,B-C,M,206,204,46,7,6,15,484,747,0,1,1,0,0,747
2909,13,7,13,10,7-15,2063,B-C,U,132,132,25,1,3,12,305,460,0,0,1,0,0,460
3242,15,9,11,11,9-33,960,B-C,U,211,223,6,5,4,8,457,701,1,0,1,0,0,701
946,3,3,3,4,3-3,1279,B-C,U,190,252,15,1,4,8,470,684,1,0,1,0,0,684
5225,2,2,17,17,2-62,635,B-C,R,60,211,12,6,1,16,306,548,0,0,2,0,1,548
797,5,5,5,3,5-47,1733,B-C,U,165,175,4,3,2,18,367,618,1,0,1,0,0,618
167,4,1,1,1,1-87,2380,B-C,U,223,127,9,2,0,15,376,629,1,0,1,0,0,629
3805,13,11,18,13,11-61,1,B-C,M,167,255,6,1,5,43,477,723,1,0,1,0,0,723
2725,1,4,1,9,4-7,760,B-C,U,198,188,23,2,8,17,436,717,1,0,1,0,0,717
759,3,5,3,3,5-22,1714,B-C,U,170,182,6,0,4,18,380,501,1,0,1,0,0,501
6720,14,14,22,22,14-97,1256,B-C,R,107,82,41,1,3,12,246,453,0,0,2,0,1,453
6512,14,14,22,22,14-13,81,B-C,U,128,213,41,7,5,15,409,653,1,0,2,0,0,653
2482,9,7,13,8,7-75,2693,B-C,R,232,89,10,6,1,14,352,592,1,0,1,0,1,592
3237,15,9,11,11,9-34,958,B-C,U,193,166,8,1,3,14,385,716,1,0,1,0,0,716
5466,7,11,18,18,11-45,1932,B-C,U,217,185,11,1,1,0,415,613,1,0,1,0,0,613
3898,13,11,18,13,11-59,44,B-C,R,54,158,5,4,4,7,232,382,0,0,1,0,1,382
1110,3,3,7,4,3-33,1339,B-C,U,157,195,2,2,1,13,370,589,1,0,1,0,0,589
1213,6,3,4,4,3-74,1487,B-C,R,155,129,5,2,0,5,296,680,1,0,1,0,1,680
1601,5,5,5,5,5-84,3022,B-C,U,152,103,6,4,3,4,272,465,0,0,1,0,0,465
1906,6,3,7,7,3-51,1387,B-C,U,137,128,15,4,1,15,300,512,1,0,1,0,0,512
3772,9,4,11,12,4-108,1146,B-C,U,66,167,7,2,1,10,253,442,0,0,1,0,0,442
953,3,3,3,4,3-8,1283,B-C,U,173,271,17,7,3,20,491,735,1,0,1,0,0,735
2009,11,6,21,7,6-38,1563,B-C,U,194,230,15,4,2,11,456,471,0,0,1,0,0,471
1586,5,5,5,5,5-73,3015,B-C,U,141,208,7,4,0,5,365,540,1,0,1,0,0,540
2866,7,7,10,10,7-8,2044,B-C,M,92,277,5,1,0,7,382,643,1,0,1,0,0,643
5289,14,10,15,17,10-55,2761,B-C,R,192,160,27,3,2,10,394,644,1,0,2,0,1,644
6327,10,10,20,21,10-21,2276,B-C,U,97,188,32,2,1,16,336,635,1,0,2,0,0,635
752,3,5,3,3,5-46,1711,B-C,U,207,265,13,0,2,12,499,632,1,0,1,0,0,632
4335,8,8,17,14,8-34,2635,B-C,R,118,236,13,0,1,17,385,642,1,0,2,0,1,642
986,3,3,3,4,3-10,1293,B-C,U,196,211,6,4,3,12,432,651,1,0,1,0,0,651
3809,13,11,18,13,11-66,3,B-C,M,153,307,13,5,3,14,495,733,1,0,1,0,0,733
5032,14,14,22,17,14-44,265,B-C,U,112,142,61,4,12,19,350,605,1,0,2,0,0,605
350,2,2,2,2,2-84,2514,B-C,U,195,161,58,9,0,0,423,663,1,0,2,0,0,663
5841,13,13,19,19,13-82,2866,B-C,R,37,171,71,3,0,23,305,638,1,0,2,0,1,638
100,4,1,1,1,1-102,1907,B-C,M,53,111,72,4,1,22,263,446,0,0,1,0,0,446
954,3,3,3,4,3-8,1283,B-C,U,199,255,22,8,7,9,500,735,1,0,1,0,0,735
6510,14,14,22,22,14-12,80,B-C,U,102,126,42,12,3,20,305,617,1,0,2,0,0,617
3024,7,7,10,10,7-40,2468,B-C,U,136,217,8,0,2,14,377,625,1,0,1,0,0,625
6347,10,10,20,21,10-22,2287,B-C,U,176,275,40,5,6,17,519,748,1,0,2,0,0,748
622,3,5,3,3,5-4,1267,B-C,U,166,178,6,0,3,10,363,609,1,0,1,0,0,609
1457,5,5,7,5,5-33,1806,B-C,U,135,104,4,1,0,8,252,435,0,0,1,0,0,435
4381,12,12,16,15,12-35,348,B-C,U,87,184,14,1,1,14,301,612,1,0,2,0,0,612
5875,13,13,19,19,13-84,2877,B-C,R,64,164,70,1,3,19,321,531,1,0,2,0,1,531
4445,12,12,15,15,12-53,410,B-C,U,118,157,21,5,5,16,322,430,0,0,2,0,0,430
2406,9,7,13,8,7-60,2655,B-C,U,120,178,13,5,0,0,316,654,1,0,1,0,0,654
6326,10,10,20,21,10-21,2276,B-C,U,114,209,23,4,4,16,370,635,1,0,2,0,0,635
3669,15,9,12,12,9-77,1059,B-C,U,188,216,17,2,2,8,433,708,0,1,1,0,0,708
3728,9,4,11,12,4-99,1119,B-C,M,98,167,5,2,0,0,272,621,1,0,1,0,0,621
4774,12,12,16,16,12-4,397,B-C,U,242,251,15,3,6,15,532,714,0,0,2,0,0,714
4820,12,12,15,16,12-11,444,S,U,26,44,10,2,0,5,87,0,0,0,2,0,0,87
1664,5,6,6,6,6-66,1551,B-C,U,179,171,10,3,3,19,385,556,0,0,1,0,0,556
316,1,2,2,2,2-95,748,B-C,R,181,199,4,0,18,20,422,584,1,0,2,0,1,584
995,6,3,4,4,3-19,1297,B-C,U,193,178,6,7,4,11,399,734,1,0,1,0,0,734
171,4,1,1,1,1-86,2382,B-C,U,165,99,18,0,1,11,294,506,1,0,1,0,0,506
926,3,3,4,4,3-5,1275,B-C,U,151,132,0,2,0,11,296,586,1,0,1,0,0,586
129,4,1,1,1,1-59,2358,B-C,R,126,224,3,11,1,13,378,526,1,0,1,0,1,526
1445,5,5,7,5,5-35,1800,B-C,U,143,139,6,3,1,9,301,498,0,0,1,0,0,498
270,4,1,1,1,1-92,2434,B-C,R,172,55,11,3,1,11,253,386,0,0,1,0,1,386
3681,15,9,12,12,9-79,1061,B-C,U,191,179,14,5,1,15,405,613,1,0,1,0,0,613
6076,10,10,20,20,10-78,2951,B-C,U,130,158,21,10,1,14,334,450,0,0,2,0,0,450
1754,11,6,6,6,6-73,1607,B-C,U,215,205,7,2,0,7,436,667,0,0,1,0,0,667
3249,15,9,11,11,9-43,973,B-C,U,175,196,12,4,2,9,398,744,1,0,1,0,0,744
4196,8,8,14,14,8-84,2172,B-C,U,208,145,14,13,4,19,403,570,0,0,2,0,0,570
2580,2,2,9,9,2-10,162,B-C,U,103,135,10,3,4,17,272,423,0,0,2,0,0,423
2320,4,4,8,8,4-63,879,B-C,U,197,197,27,6,6,23,456,617,1,0,1,0,0,617
96,4,1,1,1,1-103,1905,B-C,R,122,127,35,1,0,11,296,471,0,0,1,0,1,471
1593,5,5,5,5,5-82,3018,B-C,U,131,112,6,0,0,6,255,422,0,0,1,0,0,422
4167,8,8,14,14,8-85,2148,B-C,U,113,155,16,5,4,5,298,409,0,0,2,0,0,409
2267,4,4,8,8,4-58,861,B-C,U,161,106,22,5,2,12,308,487,0,0,1,0,0,487
6611,14,14,22,22,14-30,134,B-C,R,21,93,81,1,1,13,210,566,0,0,2,0,1,566
3397,15,9,11,11,9-49,1099,B-C,U,160,184,14,4,2,16,380,684,0,1,1,0,0,684
5362,7,11,10,18,11-101,597,B-C,R,135,116,9,12,1,10,283,548,1,0,1,0,1,548
4332,8,8,17,14,8-32,2633,B-C,M,110,206,67,4,0,15,402,639,1,0,2,0,0,639
1579,5,5,5,5,5-80,3012,B-C,U,137,141,11,4,2,16,311,518,1,0,1,0,0,518
833,5,5,5,3,5-57,1748,B-C,U,174,222,4,2,2,14,418,655,1,0,1,0,0,655
2195,4,4,8,8,4-42,825,B-C,M,133,130,20,8,3,14,308,496,0,0,1,0,0,496
3489,15,9,12,11,9-19,1166,B-C,R,160,142,15,1,7,18,343,567,1,0,1,0,1,567
4846,12,12,15,16,12-11,461,B-C,U,173,143,121,2,5,13,457,612,0,0,2,0,0,612
2055,6,6,4,7,6-29,1632,B-C,NA,189,190,17,4,2,9,411,743,0,1,1,0,0,743
3029,7,7,10,10,7-40,2469,B-C,U,151,203,4,1,1,13,373,641,1,0,1,0,0,641
4107,8,8,14,14,8-76,2111,B-C,U,180,238,18,13,7,6,462,698,1,0,2,0,0,698
4382,12,12,16,15,12-34,349,B-C,U,117,162,22,5,9,35,350,628,1,0,2,0,0,628
712,3,5,3,3,5-9,1693,B-C,U,130,171,3,2,1,7,314,548,1,0,1,0,0,548
1519,5,5,5,5,5-70,1838,B-C,U,174,173,5,1,0,7,360,574,1,0,1,0,0,574
5067,14,14,9,17,14-54,288,B-C,U,195,198,14,5,4,15,431,714,1,0,2,0,0,714
139,4,1,1,1,1-61,2365,B-C,R,49,113,4,6,0,11,183,398,0,0,1,0,1,398
456,1,1,2,2,1-50,2559,B-C,U,165,193,14,8,5,14,399,684,1,0,2,0,0,684
5675,13,13,19,19,13-47,1183,B-C,U,179,219,9,3,2,7,419,666,1,0,2,0,0,666
6415,10,10,20,21,10-39,2327,B-C,U,73,170,12,1,1,6,263,514,1,0,2,0,0,514
2504,9,7,13,8,7-99,2707,B-C,R,157,81,4,2,0,7,251,410,0,0,1,0,1,410
555,1,2,2,2,2-90,2780,B-C,M,199,155,66,5,0,19,444,575,1,0,2,0,0,575
1482,5,5,6,5,5-42,1817,B-C,U,173,162,6,2,1,16,360,566,1,0,1,0,0,566
6587,14,14,22,22,14-27,118,B-C,R,68,107,37,4,1,34,251,573,1,0,2,0,1,573
3923,13,8,18,13,8-4,2031,B-C,R,93,249,12,3,1,12,370,540,1,0,1,0,1,540
4875,12,12,15,16,12-13,493,B-C,U,108,261,14,4,1,11,399,613,0,0,2,0,0,613
4333,8,8,17,14,8-34,2634,B-C,R,153,201,25,3,2,7,391,546,0,0,2,0,1,546
5232,2,2,17,17,2-67,638,B-C,R,100,200,15,15,3,21,354,609,1,0,2,0,1,609
6251,10,13,19,21,13-33,691,B-C,U,110,183,18,2,2,14,329,573,1,0,2,0,0,573
1393,5,6,6,5,6-11,1511,B-C,R,100,209,5,4,1,5,324,567,1,0,1,0,1,567
3198,9,9,11,11,9-28,929,B-C,U,128,231,12,3,0,12,386,635,1,0,1,0,0,635
612,1,1,2,2,1-13,2943,E,R,136,104,3,3,1,9,256,368,0,0,2,1,1,368
5966,10,10,20,20,10-11,1884,B-C,U,110,235,33,1,6,12,397,740,1,0,2,0,0,740
385,2,2,2,2,2-83,2531,B-C,R,214,88,21,5,5,25,358,537,1,0,2,0,1,537
942,3,3,3,4,3-7,1278,B-C,U,197,219,17,7,3,13,456,666,0,1,1,0,0,666
2538,2,2,9,9,2-4,145,B-C,M,180,138,10,6,7,16,357,682,1,0,2,0,0,682
1753,11,6,6,6,6-73,1606,B-C,U,178,137,11,0,0,1,327,524,1,0,1,0,0,524
4873,12,13,15,16,13-13,490,B-C,U,159,178,23,2,1,15,378,675,1,0,2,0,0,675
710,3,5,3,3,5-9,1692,B-C,U,174,284,12,2,3,13,488,732,1,0,1,0,0,732
6378,10,10,20,21,10-26,2306,B-C,R,77,143,15,0,0,7,242,503,1,0,2,0,1,503
3579,9,4,12,12,4-93,979,B-C,U,138,123,11,6,2,7,287,516,1,0,1,0,0,516
2113,11,6,21,7,6-25,1642,B-C,U,183,169,10,2,4,8,376,708,0,1,1,0,0,708
2008,11,6,21,7,6-40,1562,B-C,U,195,213,9,5,1,8,431,610,1,0,1,0,0,610
6171,10,10,20,20,10-98,3001,B-C,M,104,166,12,5,0,10,297,552,1,0,2,0,0,552
5165,14,14,9,17,14-73,330,B-C,U,81,210,9,2,4,21,327,637,1,0,2,0,0,637
4870,12,12,15,16,12-15,482,B-C,U,174,171,34,7,4,12,402,739,1,0,2,0,0,739
2362,4,4,8,8,4-79,901,B-C,R,164,140,17,6,2,23,352,697,1,0,1,0,1,697
5833,13,13,19,19,13-82,2863,E,M,50,150,140,3,1,20,364,675,1,0,2,1,0,675
656,3,5,3,3,5-5,1478,B-C,R,172,244,8,4,2,11,441,628,0,0,1,0,1,628
3688,15,9,12,12,9-82,1071,B-C,U,204,158,6,5,0,22,395,603,1,0,1,0,0,603
3038,7,7,10,10,7-42,2473,B-C,U,107,192,6,0,0,10,315,516,1,0,1,0,0,516
475,1,1,2,2,1-39,2573,B-C,R,119,242,11,2,8,15,397,747,1,0,2,0,1,747
1955,6,3,7,7,3-57,1418,B-C,U,124,118,6,2,2,5,257,378,0,0,1,0,0,378
1656,5,6,6,6,6-69,1546,B-C,U,126,160,6,3,3,29,327,506,1,0,1,0,0,506
5059,14,14,22,17,14-51,283,B-C,R,40,106,10,5,57,13,231,399,0,0,2,0,1,399
852,5,5,7,3,5-35,1758,B-C,U,128,167,11,5,5,11,327,459,0,0,1,0,0,459
646,3,5,3,3,5-24,1313,B-C,U,117,166,9,1,5,11,309,439,0,0,1,0,0,439
2880,7,7,10,10,7-11,2049,B-C,R,168,188,5,1,0,5,367,584,1,0,1,0,1,584
140,4,1,1,1,1-61,2365,B-C,R,57,118,4,3,1,16,199,398,0,0,1,0,1,398
4843,12,12,15,16,12-13,460,B-C,U,106,229,36,7,8,11,397,629,1,0,2,0,0,629
7,1,4,1,1,4-3,753,B-C,U,185,200,6,2,3,14,410,735,1,0,1,0,0,735
3652,15,9,12,12,9-74,1044,B-C,U,147,137,6,4,2,0,296,488,0,0,1,0,0,488
2690,2,2,9,9,2-24,219,B-C,R,115,132,11,7,2,20,287,565,1,0,2,0,1,565
2840,7,7,10,10,7-1,2036,B-C,U,102,299,2,4,3,4,414,666,0,1,1,0,0,666
4053,8,8,14,13,8-102,2239,B-C,U,86,227,13,1,2,7,336,552,1,0,2,0,0,552
3642,15,4,12,12,4-94,1029,B-C,U,144,168,10,2,0,10,334,580,1,0,1,0,0,580
1078,3,3,7,4,3-32,1326,B-C,U,137,163,7,1,2,10,320,567,1,0,1,0,0,567
4728,12,12,16,16,12-32,350,B-C,U,159,168,16,9,3,18,373,601,1,0,2,0,0,601
5642,13,11,18,19,11-54,918,B-C,U,197,168,26,10,2,4,407,590,1,0,1,0,0,590
3996,8,8,14,13,8-92,2188,B-C,U,183,169,20,14,3,10,399,592,1,0,2,0,0,592
3880,13,11,18,13,11-67,35,B-C,R,69,188,5,1,0,6,269,448,0,0,1,0,1,448
3563,9,4,12,12,4-96,967,B-C,U,207,142,19,6,0,20,394,724,1,0,1,0,0,724
4738,12,12,16,16,12-24,354,B-C,U,116,98,16,1,3,0,234,416,0,0,2,0,0,416
4543,12,13,15,15,13-13,491,B-C,U,163,146,12,9,3,12,345,580,1,0,2,0,0,580
3744,9,4,11,12,4-102,1129,B-C,U,87,208,0,21,0,4,320,612,1,0,1,0,0,612
6197,10,13,19,21,13-23,669,B-C,U,120,186,20,5,6,11,348,537,1,0,2,0,0,537
2011,11,6,21,7,6-40,1564,B-C,U,140,168,11,2,1,8,330,479,0,0,1,0,0,479
4355,8,8,17,14,8-33,2642,B-C,R,223,143,30,1,8,12,417,649,1,0,2,0,1,649
767,3,5,7,3,5-21,1718,B-C,U,155,191,7,1,1,11,366,599,1,0,1,0,0,599
2232,4,4,8,8,4-49,844,B-C,U,148,112,24,14,3,16,317,478,0,0,1,0,0,478
629,3,5,3,3,5-1,1269,B-C,M,214,143,5,5,0,367,734,630,1,0,1,0,0,630
1676,11,6,6,6,6-54,1557,B-C,U,168,174,4,2,0,8,356,597,1,0,1,0,0,597
6205,10,13,19,21,13-24,673,B-C,U,106,153,19,3,2,6,289,428,0,0,2,0,0,428
955,3,3,4,4,3-17,1284,B-C,U,191,180,10,3,1,13,398,670,0,1,1,0,0,670
5657,13,11,18,19,11-51,925,B-C,R,122,183,66,11,1,29,412,675,1,0,1,0,1,675
5415,13,11,10,18,11-82,738,B-C,R,143,163,70,4,0,21,401,622,1,0,1,0,1,622
2,1,4,1,1,4-1,752,B-C,M,123,178,11,5,2,22,341,633,1,0,1,0,0,633
2484,9,7,13,8,7-78,2694,B-C,R,193,116,6,3,0,15,333,576,1,0,1,0,1,576
821,5,5,7,3,5-27,1744,B-C,U,131,152,6,1,2,10,302,453,0,0,1,0,0,453
5974,10,10,20,20,10-13,1889,B-C,R,53,98,9,2,3,3,168,412,0,0,2,0,1,412
1394,6,6,7,5,6-63,1514,B-C,U,171,192,2,1,4,8,378,509,0,0,1,0,0,509
876,5,5,5,3,5-65,1769,B-C,U,225,184,4,2,0,0,415,684,1,0,1,0,0,684
962,3,3,4,4,3-17,1284,B-C,U,189,170,7,5,2,14,387,669,0,1,1,0,0,669
2672,2,2,9,9,2-26,209,B-C,R,61,119,9,3,0,13,205,390,0,0,2,0,1,390
80,4,1,1,1,1-100,1895,B-C,U,177,199,22,2,2,11,413,627,1,0,1,0,0,627
3298,15,9,11,11,9-45,1036,B-C,U,148,182,8,3,0,9,350,600,1,0,1,0,0,600
2947,13,7,13,10,7-31,2086,B-C,R,186,228,63,0,3,16,496,556,1,0,1,0,1,556
5227,2,2,17,17,2-58,636,B-C,U,128,154,9,1,4,14,310,584,1,0,2,0,0,584
3142,9,7,13,10,7-68,2686,B-C,U,153,165,14,0,2,8,342,581,1,0,1,0,0,581
1283,6,3,4,4,3-87,1506,B-C,U,235,97,1,0,1,9,343,564,1,0,1,0,0,564
3571,15,9,11,12,9-38,971,B-C,U,111,143,12,1,1,10,278,447,0,0,1,0,0,447
6444,10,10,20,21,10-42,2341,B-C,R,61,149,2,1,0,8,221,425,0,0,2,0,1,425
1856,6,3,7,7,3-41,1345,B-C,U,166,143,6,1,0,4,320,512,1,0,1,0,0,512
5637,13,11,18,19,11-53,916,B-C,U,153,183,50,9,3,0,398,649,1,0,1,0,0,649
405,2,2,2,2,2-85,2540,B-C,R,159,87,13,17,2,13,291,427,0,0,2,0,1,427
4171,8,8,14,14,8-83,2155,B-C,U,153,157,18,12,2,14,356,585,0,0,2,0,0,585
1042,3,3,4,4,3-23,1311,B-C,U,245,228,11,4,2,11,501,732,0,0,1,0,0,732
5575,7,11,18,18,11-10,1992,B-C,U,125,175,24,0,0,12,336,649,0,0,1,0,0,649
5502,7,11,18,18,11-47,1957,B-C,R,91,165,21,0,0,0,277,482,0,0,1,0,1,482
2653,2,2,9,9,2-31,198,B-C,R,54,183,22,4,1,28,292,535,0,0,2,0,1,535
4834,12,12,15,16,12-12,456,B-C,U,169,274,32,9,11,9,504,711,1,0,2,0,0,711
156,4,1,1,1,1-85,2375,B-C,U,226,114,20,5,1,20,386,685,1,0,1,0,0,685
2035,11,6,21,7,6-31,1620,B-C,U,194,170,9,9,2,16,400,684,0,1,1,0,0,684
6093,10,10,20,20,10-82,2959,B-C,U,129,180,14,62,2,11,398,648,1,0,2,0,0,648
6279,10,13,19,21,13-39,705,B-C,U,99,159,7,1,1,3,270,508,1,0,2,0,0,508
1840,11,6,6,6,6-17,1658,B-C,R,218,131,5,3,1,18,376,672,1,0,1,0,1,672
5140,14,14,9,17,14-68,319,B-C,R,125,220,19,4,3,20,391,657,1,0,2,0,1,657
526,1,1,2,2,1-55,2597,B-C,R,74,194,20,7,1,27,323,565,1,0,2,0,1,565
1369,5,5,5,5,5-52,1493,B-C,U,164,100,3,1,1,6,275,530,1,0,1,0,0,530
4177,8,8,14,14,8-89,2160,B-C,U,160,155,17,15,4,17,368,530,1,0,2,0,0,530
1679,11,6,21,6,6-44,1558,B-C,U,155,144,12,1,0,5,317,533,1,0,1,0,0,533
1145,3,3,7,4,3-35,1357,B-C,U,139,149,7,4,3,7,309,543,1,0,1,0,0,543
4029,8,8,14,13,8-100,2198,B-C,U,199,155,36,17,2,11,420,592,1,0,2,0,0,592
136,4,1,1,1,1-67,2362,B-C,R,72,53,7,8,0,11,151,242,0,0,1,0,1,242
6653,14,14,22,22,14-79,1208,B-C,U,107,199,117,3,5,22,453,723,1,0,2,0,0,723
1979,6,3,7,7,3-60,1443,B-C,U,158,163,0,0,0,8,329,493,0,0,1,0,0,493
22,1,4,1,1,4-4,759,B-C,U,154,252,13,8,6,10,443,709,1,0,1,0,0,709
6701,14,14,22,22,14-93,1242,B-C,R,95,67,54,3,2,16,237,585,0,0,2,0,1,585
640,3,5,3,3,5-14,1282,B-C,U,211,295,13,6,1,12,538,706,0,1,1,0,0,706
958,3,3,4,4,3-17,1284,B-C,U,230,146,13,1,4,15,409,670,0,1,1,0,0,670
1091,6,3,7,4,3-39,1333,B-C,U,182,131,11,2,5,14,345,621,1,0,1,0,0,621
5885,13,13,19,19,13-98,2880,B-C,R,13,130,28,8,3,6,188,384,1,0,2,0,1,384
1954,6,3,7,7,3-57,1417,B-C,U,122,128,4,1,2,1,258,403,0,0,1,0,0,403
560,1,2,2,2,2-92,2783,B-C,R,137,246,149,0,1,29,562,726,1,0,2,0,1,726
1554,5,6,5,5,6-82,1854,B-C,U,216,169,7,3,1,13,409,630,1,0,1,0,0,630
4592,12,13,15,15,13-15,537,B-C,M,132,101,1,1,1,6,242,401,0,0,2,0,0,401
3924,13,8,18,13,8-4,2031,B-C,R,71,248,15,3,5,21,363,540,1,0,1,0,1,540
311,1,2,2,2,2-98,747,B-C,R,181,185,21,1,22,19,429,595,1,0,2,0,1,595
3170,9,7,13,10,7-89,2717,B-C,M,138,177,8,2,4,13,342,662,1,0,1,0,0,662
2101,11,6,21,7,6-25,1642,B-C,U,179,206,6,6,0,5,402,708,0,1,1,0,0,708
633,3,5,3,3,5-15,1281,B-C,U,216,199,6,0,2,14,437,595,1,0,1,0,0,595
2409,9,7,13,8,7-63,2656,B-C,U,156,183,16,8,0,7,370,628,1,0,1,0,0,628
3107,7,7,10,10,7-57,2498,B-C,R,125,80,14,2,2,10,233,457,0,0,1,0,1,457
4282,8,8,17,14,8-25,2614,B-C,U,163,260,11,4,2,0,440,636,1,0,2,0,0,636
4853,12,12,15,16,12-11,470,B-C,U,171,181,14,6,2,13,387,600,0,0,2,0,0,600
253,4,1,1,1,1-83,2423,B-C,R,126,76,3,1,1,14,221,380,0,0,1,0,1,380
85,4,1,1,1,1-97,1898,B-C,R,47,117,3,1,0,6,174,238,0,0,1,0,1,238
5262,14,10,15,17,10-49,2745,B-C,U,96,250,59,3,6,11,425,660,1,0,2,0,0,660
1293,6,3,4,4,3-89,1512,B-C,R,211,78,3,0,1,8,301,589,1,0,1,0,1,589
2250,4,4,8,8,4-52,853,B-C,U,212,95,23,2,3,9,344,679,1,0,1,0,0,679
5308,14,10,15,17,10-59,2772,B-C,R,142,217,27,2,7,17,412,689,0,0,2,0,1,689
4848,12,12,15,16,12-10,463,B-C,U,171,207,20,6,5,16,425,618,0,0,2,0,0,618
6086,10,10,20,20,10-80,2956,B-C,U,124,229,23,43,2,14,435,678,1,0,2,0,0,678
1727,11,6,6,6,6-70,1593,B-C,U,134,168,8,2,2,5,319,532,1,0,1,0,0,532
453,1,1,2,2,1-47,2558,B-C,U,145,162,17,5,10,17,356,636,1,0,2,0,0,636
2404,9,7,13,8,7-59,2654,B-C,U,146,150,13,3,2,28,342,649,1,0,1,0,0,649
3511,9,9,11,12,9-24,930,B-C,U,179,156,8,3,2,13,361,692,1,0,1,0,0,692
6370,10,10,20,21,10-34,2300,B-C,R,117,137,22,6,2,20,304,557,0,0,2,0,1,557
2336,4,4,8,8,4-73,890,B-C,R,111,92,3,5,2,14,227,450,1,0,1,0,1,450
5730,13,13,19,19,13-58,2822,B-C,U,65,158,45,4,2,10,284,435,0,0,2,0,0,435
4923,2,12,16,16,12-75,520,B-C,M,135,182,29,4,6,13,369,727,1,0,2,0,0,727
2385,4,4,8,8,4-85,911,B-C,R,108,119,12,1,3,22,265,531,1,0,1,0,1,531
2720,2,2,9,9,2-20,239,B-C,R,63,77,5,1,0,14,160,338,0,0,2,0,1,338
4750,12,12,16,16,12-30,359,B-C,U,127,229,33,6,5,10,410,628,1,0,2,0,0,628
4438,12,12,15,15,12-8,393,B-C,U,153,200,24,8,4,7,396,509,1,0,2,0,0,509
76,4,1,1,1,1-100,1894,B-C,U,140,142,20,0,2,10,314,466,0,0,1,0,0,466
875,5,5,5,3,5-65,1769,B-C,U,199,194,13,1,3,12,422,685,1,0,1,0,0,685
5856,13,13,19,19,13-86,2871,E,R,36,89,53,3,2,19,202,389,1,0,2,1,1,389
5375,7,11,10,18,11-94,606,B-C,R,159,86,8,0,0,6,259,445,0,0,1,0,1,445
5369,7,11,10,18,11-92,602,B-C,R,197,65,12,6,0,11,291,625,0,0,1,0,1,625
1789,11,6,21,6,6-47,1617,B-C,U,219,210,17,4,4,23,477,732,1,0,1,0,0,732
1257,3,3,4,4,3-83,1500,B-C,NA,180,153,11,5,3,14,366,722,0,1,1,0,0,722
688,3,5,3,3,5-7,1682,B-C,U,153,141,4,6,1,18,323,478,0,0,1,0,0,478
4218,8,8,14,14,8-41,2208,B-C,R,88,189,3,4,1,18,303,569,1,0,2,0,1,569
5144,14,14,9,17,14-70,322,B-C,M,130,124,22,14,4,0,294,518,1,0,2,0,0,518
3086,7,7,10,10,7-50,2487,B-C,R,146,163,10,1,1,19,340,570,1,0,1,0,1,570
3667,15,9,12,12,9-75,1058,B-C,U,212,168,7,3,1,7,398,612,1,0,1,0,0,612
4815,12,12,15,16,12-12,442,B-C,U,162,201,16,3,1,25,408,650,1,0,2,0,0,650
4704,12,12,16,16,12-25,341,B-C,U,143,169,22,6,3,8,351,661,1,0,2,0,0,661
2073,11,6,21,7,6-27,1633,B-C,U,191,191,14,6,0,8,410,703,1,0,1,0,0,703
6309,10,10,20,21,10-17,2268,B-C,U,105,167,27,10,2,16,327,639,1,0,2,0,0,639
4022,8,8,14,13,8-93,2196,B-C,U,138,129,11,5,5,6,294,434,0,0,2,0,0,434
4120,8,8,14,14,8-79,2117,B-C,U,117,111,19,20,5,0,272,406,0,0,2,0,0,406
5319,7,11,10,18,11-99,567,B-C,M,124,210,20,9,2,5,370,568,1,0,1,0,0,568
5569,7,11,18,18,11-8,1989,B-C,U,61,119,10,1,1,12,204,385,0,0,1,0,0,385
568,1,2,2,2,2-90,2788,B-C,R,35,34,4,1,0,7,81,120,0,0,2,0,1,120
5066,14,14,9,17,14-54,288,B-C,U,214,198,18,5,1,19,455,715,1,0,2,0,0,715
2253,4,4,8,8,4-52,853,B-C,U,196,82,18,6,6,12,320,679,1,0,1,0,0,679
2738,1,4,8,9,4-10,764,B-C,U,173,184,5,1,4,16,383,568,1,0,1,0,0,568
1797,11,6,6,6,6-74,1626,B-C,U,190,230,5,2,1,11,439,708,1,0,1,0,0,708
3083,7,7,10,10,7-51,2486,B-C,R,187,206,6,2,0,10,411,732,1,0,1,0,1,732
6533,14,14,22,22,14-17,89,B-C,R,75,56,36,4,0,11,182,387,0,0,2,0,1,387
901,3,5,3,4,5-2,1263,B-C,U,160,170,1,3,0,7,341,561,1,0,1,0,0,561
1685,11,6,21,6,6-43,1566,B-C,U,220,232,20,0,6,17,495,690,1,0,1,0,0,690
6645,14,14,22,22,14-78,1204,B-C,U,76,102,39,2,3,18,240,449,0,0,2,0,0,449
3718,9,9,11,12,9-1,1114,B-C,R,95,199,7,6,2,13,322,739,1,0,1,0,1,739
2218,4,4,8,8,4-44,836,B-C,U,150,91,44,7,2,7,301,546,1,0,1,0,0,546
2275,4,4,8,8,4-56,865,B-C,U,185,148,29,12,3,25,402,721,1,0,1,0,0,721
4829,12,12,15,16,12-9,453,B-C,U,135,126,18,6,1,10,296,503,1,0,2,0,0,503
6737,14,14,22,22,14-102,2738,B-C,U,139,175,33,2,1,0,350,612,1,0,2,0,0,612
2376,4,4,8,8,4-83,908,B-C,R,224,93,12,0,9,12,350,708,1,0,1,0,1,708
2495,9,7,13,8,7-82,2703,B-C,U,87,221,12,0,0,8,328,560,1,0,1,0,0,560
4241,8,8,14,14,8-47,2222,B-C,R,203,81,10,2,0,19,315,465,0,0,2,0,1,465
1671,11,6,6,6,6-58,1555,B-C,U,182,164,4,3,0,7,360,559,1,0,1,0,0,559
1071,6,3,7,4,3-30,1323,B-C,U,167,141,9,4,0,10,331,639,1,0,1,0,0,639
5727,13,13,19,19,13-58,2821,B-C,U,94,177,41,1,1,21,335,487,0,0,2,0,0,487
4330,8,8,17,14,8-32,2633,B-C,M,113,185,47,3,1,20,369,639,1,0,2,0,0,639
4546,12,13,15,15,13-14,492,B-C,U,99,182,12,4,5,4,306,501,1,0,2,0,0,501
1569,5,5,5,5,5-78,3007,B-C,U,148,170,8,4,7,27,364,499,0,0,1,0,0,499
5570,7,11,18,18,11-8,1989,B-C,U,73,120,9,2,0,8,212,385,0,0,1,0,0,385
3704,15,9,12,12,9-81,1105,B-C,U,228,177,6,4,4,27,446,671,1,0,1,0,0,671
5759,13,13,19,19,13-63,2835,B-C,U,91,227,60,4,5,19,406,658,1,0,2,0,0,658
1819,5,6,6,6,6-11,1648,B-C,R,137,175,9,2,0,9,332,529,0,0,1,0,1,529
5284,14,10,15,17,10-55,2757,B-C,R,114,70,10,1,0,7,202,414,0,0,2,0,1,414
5496,7,11,18,18,11-47,1954,B-C,M,87,129,9,4,1,17,247,416,0,0,1,0,0,416
5644,13,11,18,19,11-55,919,B-C,R,130,260,18,4,0,6,418,731,1,0,1,0,1,731
6686,14,14,22,22,14-89,1230,B-C,R,88,71,41,0,1,25,226,526,1,0,2,0,1,526
1458,5,5,7,5,5-33,1806,B-C,U,140,105,6,5,1,7,264,435,0,0,1,0,0,435
351,2,2,2,2,2-84,2514,B-C,U,184,145,89,11,4,7,440,663,1,0,2,0,0,663
